task_id,submit_time,end_time,cpu_req,gpu_req,duration
45acbbb2e8655c2e43378c2e,1092080.0,1094878.0,600.0,50.0,2798.0
7371eb3cead49a7059b74791,1093583.0,1119942.0,600.0,0.0,26359.0
39090d868fbf513e84ef9bbf,1094461.0,1094561.0,600.0,100.0,100.0
1ed5cf79388b3b945d03e87c,1097431.0,1097481.0,600.0,100.0,50.0
f8d19c29329167e40ea172ca,1097906.0,1097919.0,100.0,0.0,13.0
097653c4650a42823edbfd85,1100849.0,1106789.0,600.0,10.0,5940.0
53d6e46ea1dccfb8e108e1e0,1101161.0,1101169.0,200.0,0.0,8.0
d3d3dd142417b6ea34b7a010,1112157.0,1112209.0,600.0,100.0,52.0
9f832ec9b0cb36149d4e6528,1120233.0,1150650.0,300.0,0.0,30417.0
811542e382ff75528b17e6ba,1122361.0,1122425.0,600.0,100.0,64.0
5f5d59a1ea6d60f3900d9bcd,1125628.0,1126206.0,600.0,50.0,578.0
d808556d4ae8ba19e9dd6baf,1125726.0,1132312.0,600.0,100.0,6586.0
5d033a07b5274dcf4eaf9f16,1128455.0,1128476.0,20.0,10.0,21.0
b675945594985b628d825163,1133510.0,1135604.0,600.0,25.0,2094.0
059f99004b4c8cc729595082,1136342.0,1140133.0,200.0,100.0,3791.0
12297fc06d15267dce10576f,1137514.0,1138296.0,100.0,25.0,782.0
343ccedade025043b5e5271c,1138083.0,1138186.0,200.0,0.0,103.0
daf35aeb87bff995f44f5cc4,1138423.0,1142449.0,600.0,50.0,4026.0
9edecc548a398d30758d246f,1138493.0,1138646.0,600.0,25.0,153.0
e0d84b3975b6fbf03835c553,1138495.0,1139214.0,1800.0,100.0,719.0
05d3ec31583186037582803a,1143470.0,1143944.0,600.0,0.0,474.0
e0586d2ae0d20a32a74dc98c,1144645.0,1145922.0,600.0,25.0,1277.0
9f4754ad251f818a72007c6a,1148558.0,1157135.0,1800.0,100.0,8577.0
50404e2aabbcaf178c9768d1,1148565.0,1158518.0,1800.0,100.0,9953.0
8d5f1b2c0c76f962a3889274,1150147.0,1150192.0,600.0,25.0,45.0
63c3c04ce5ef9b78da3ee0de,1152415.0,1159676.0,400.0,25.0,7261.0
aaf214cf022bf0313c669222,1158979.0,1158996.0,600.0,100.0,17.0
52c2f1af031e36b377986fed,1159757.0,1164367.0,600.0,10.0,4610.0
3a65fb200d7910d8b6cb618c,1172452.0,1175186.0,200.0,0.0,2734.0
fdec049dbcae27ebe2047766,1174557.0,1175216.0,1000.0,50.0,659.0
be2ed246d0f02336b344596b,1174837.0,1185922.0,3200.0,100.0,11085.0
a35f21e046072806110ada3c,1177737.0,1178021.0,600.0,50.0,284.0
f8ece070a2c5a05a76749f1e,1181493.0,1186808.0,800.0,0.0,5315.0
10b7a91f7a05fb49891ebfff,1182605.0,1182620.0,600.0,200.0,15.0
ccff71112e133ba3ccc27535,1184687.0,1185414.0,1000.0,50.0,727.0
4f794b14af4459cf808e7b2e,1186465.0,1186489.0,600.0,100.0,24.0
b75ac289d5a6859a28a06a80,1187636.0,1200841.0,600.0,25.0,13205.0
6222cd16452a033077dc7898,1191121.0,1192959.0,600.0,50.0,1838.0
5af60367792575c874475056,1191764.0,1214397.0,200.0,0.0,22633.0
88045912ebfc4fda9da6300c,1191990.0,1198592.0,600.0,100.0,6602.0
2eb21770f31d10a54be8bab4,1202329.0,1202568.0,600.0,25.0,239.0
9be60acae467f3c1f51cc2c1,1203850.0,1232273.0,600.0,25.0,28423.0
4478334607bca6e5a34c9f05,1204247.0,1204266.0,600.0,50.0,19.0
c041a4b6be7bb5b5f925c3fb,1205384.0,1205397.0,100.0,0.0,13.0
e7bc5702c8780adfae1d4db0,1207694.0,1214727.0,600.0,25.0,7033.0
2046c94b1fbc223930568ddb,1208495.0,1208564.0,600.0,25.0,69.0
ece715abaea2c47bb9bd775f,1208862.0,1208886.0,600.0,100.0,24.0
9ed3909cdcaf8761eeaa8e23,1216635.0,1224041.0,600.0,0.0,7406.0
5a715fd88cdb8d8cdd354278,1220318.0,1220731.0,200.0,0.0,413.0
c6c0041d48c473a2f71e6f06,1221754.0,1222062.0,600.0,25.0,308.0
920c845bb6d162a65cfc1cd7,1221756.0,1222241.0,600.0,25.0,485.0
e46ebd9992a2cc20c9d7e169,1223553.0,1223748.0,600.0,100.0,195.0
689ea91723686e8bbe6fff56,1227955.0,1249202.0,600.0,25.0,21247.0
09f9a336cfe4bd9bad8b05f9,1228293.0,1239079.0,600.0,25.0,10786.0
dddb5f2b7b2f0aebdedfcb7f,1233914.0,1234150.0,600.0,0.0,236.0
4f549ea71b44ecbcbd954909,1238238.0,1238756.0,300.0,25.0,518.0
d5ff5e35c5e71781d0bd77b6,1238390.0,1262043.0,200.0,0.0,23653.0
23d6c67914dd234d9bff7c40,1243519.0,1243649.0,800.0,0.0,130.0
1b67984ec88023dea37ea5f0,1246444.0,1246505.0,600.0,0.0,61.0
3d6889d3e7461825d4856de6,1247718.0,1250531.0,600.0,10.0,2813.0
8a4e97d02c134874ca66446a,1248069.0,1250837.0,600.0,10.0,2768.0
72113b5d3d8befe716513a1b,1248360.0,1249125.0,300.0,25.0,765.0
90acbf1cc3372a7ac1294ef3,1251542.0,1251863.0,600.0,50.0,321.0
45d3bc0a7cb9cf6173f1e79b,1252806.0,1253042.0,600.0,100.0,236.0
3107199a2826fec236c3eb25,1255360.0,1255616.0,600.0,100.0,256.0
95d8bcb64e831921e3a0f890,1256763.0,1256999.0,600.0,100.0,236.0
1edb7f84fc8e97d0ef35dc16,1258505.0,1259032.0,200.0,10.0,527.0
eded7ba621dfb2c415860709,1259777.0,1259808.0,600.0,5.0,31.0
d6c332c16d01f1e7387ef195,1265226.0,1268187.0,600.0,25.0,2961.0
e2845eb6d2b860f571abe4c8,1271629.0,1276480.0,1600.0,100.0,4851.0
f8a2ae71ff810f20820e17dd,1274216.0,1274229.0,100.0,0.0,13.0
7a4438275fb81371502da81a,1276984.0,1280608.0,400.0,50.0,3624.0
159f5c0b7c7b4d701c669696,1283294.0,1283463.0,600.0,25.0,169.0
cef9d90a76958fcefa3a0dc3,1284968.0,1286332.0,600.0,25.0,1364.0
c3bd302ad7fc4a9cf358036e,1285036.0,1285067.0,600.0,100.0,31.0
c15f8c4e2413f96718a82cc8,1293591.0,1293745.0,600.0,25.0,154.0
11def3bfa52a3cc88eaaadf7,1293700.0,1311770.0,600.0,0.0,18070.0
019aefeeb22468377bb29b6f,1294341.0,1294377.0,600.0,100.0,36.0
030793bdc5e81f1a86bd3953,1295603.0,1295616.0,100.0,0.0,13.0
33a774178695a5406f643af1,1295974.0,1296109.0,1800.0,100.0,135.0
6e873b0fd3450669682f1a12,1299507.0,1318095.0,600.0,25.0,18588.0
5719db63928571c94d3d42a7,1300494.0,1300539.0,600.0,50.0,45.0
679d9a81461fae902e2842cc,1301290.0,1304285.0,600.0,200.0,2995.0
c9bed6cd743d9297d82d8af3,1310603.0,1310846.0,600.0,25.0,243.0
bc0fe67f675a00516bb33484,1312315.0,1312354.0,600.0,100.0,39.0
3508ac77027d94bdb764107d,1313197.0,1333366.0,600.0,0.0,20169.0
af0f0a9f9963fb96c697c996,1314830.0,1317764.0,100.0,0.0,2934.0
0ac29496185659d831d7a89c,1317330.0,1317407.0,600.0,25.0,77.0
5d921e59509eb7cf8899b581,1318151.0,1320789.0,600.0,0.0,2638.0
08e5e8335670f42dfe321892,1320778.0,1320836.0,600.0,25.0,58.0
57a9f377b40af5c189d3bdf6,1325834.0,1338278.0,600.0,50.0,12444.0
5699bbb95f5d2d4f8ea6546d,1329047.0,1398258.0,300.0,0.0,69211.0
afba6312141f00df94f378cd,1334373.0,1334609.0,600.0,100.0,236.0
f7ecc12390b0d8d5d0ebd930,1336833.0,1337931.0,600.0,100.0,1098.0
f01d93027af3f1110e7fcded,1337814.0,1350160.0,600.0,25.0,12346.0
eff4f79e7245000c4d501c8d,1339727.0,1340151.0,1000.0,50.0,424.0
fd601a7e64ad1f6ba8ea6e91,1342609.0,1343844.0,600.0,0.0,1235.0
015e840b7325157f0ad625b7,1346169.0,1348813.0,200.0,0.0,2644.0
10bf0ff20558c84d7865c046,1350259.0,1357177.0,600.0,50.0,6918.0
3deccd9ad48029679a9e7a2d,1354269.0,1355499.0,800.0,0.0,1230.0
5f405d5b2f8c01d0a5532093,1354620.0,1354657.0,600.0,10.0,37.0
133a218bee1b3bfe99533ee6,1355838.0,1356569.0,100.0,25.0,731.0
66613bf7d954ec0b95e3f4d2,1356869.0,1376140.0,600.0,25.0,19271.0
6fa43566de4a999486b4817f,1359176.0,1359361.0,1800.0,100.0,185.0
02681e51d4f912bd4d30b372,1359808.0,1360145.0,1000.0,50.0,337.0
11837e46e278405c113abda9,1362714.0,1369966.0,1800.0,100.0,7252.0
1c5d9dceeba80ad172760e65,1364593.0,1364776.0,100.0,100.0,183.0
ec0deb1828b698d791d48ab7,1367101.0,1379070.0,600.0,50.0,11969.0
728a38b43bc12e217c8a1383,1375139.0,1375379.0,50.0,100.0,240.0
3af9f3abd3f252026489f333,1377194.0,1377839.0,600.0,25.0,645.0
4ee94791c515c815e2dba289,1378556.0,1385232.0,600.0,0.0,6676.0
fe4a7c2891a94c5622df87a6,1380518.0,1387555.0,200.0,20.0,7037.0
07777c43ba2fbd4d5883ee3a,1383356.0,1383501.0,600.0,100.0,145.0
b03bfce1fe69549ebd28c006,1385966.0,1388261.0,600.0,100.0,2295.0
ea226f005e6ef6fd38209880,1386974.0,1388215.0,600.0,200.0,1241.0
1ceccd7442f1bf3ecfa1ca30,1388320.0,1388352.0,600.0,100.0,32.0
34b6740075e6ebf2474a6ea3,1389712.0,1394797.0,600.0,20.0,5085.0
0b6b12c3116916181c83a7b5,1389745.0,1390090.0,600.0,0.0,345.0
003ba8a7a1205665edfc42ce,1390996.0,1391286.0,600.0,10.0,290.0
1e3bf34c7b815298e4996e83,1391643.0,1391830.0,600.0,0.0,187.0
47f233a75523f4612b61eb36,1392079.0,1395989.0,600.0,50.0,3910.0
03728a25d0d571ab0943746c,1393677.0,1412364.0,20.0,5.0,18687.0
7c97187283e0932876e4d99c,1401289.0,1409351.0,600.0,25.0,8062.0
c1493dd959e31276c4becab5,1402512.0,1402577.0,600.0,100.0,65.0
4c9024aca023f520fb8d5a48,1406847.0,1406957.0,600.0,25.0,110.0
0ee09ecf9bbc85d448dd2019,1411188.0,1411250.0,600.0,100.0,62.0
cf6379874b060cbeab003363,1412556.0,1412634.0,600.0,25.0,78.0
d0fcae6d09c603d6fb291d2e,1413524.0,1413738.0,600.0,0.0,214.0
3d9812647b28bb2714d61073,1414627.0,1461580.0,600.0,100.0,46953.0
7e159e0371b5f244fb62a542,1417332.0,1455716.0,600.0,25.0,38384.0
b7398c5adf4a6623d3ac833a,1419122.0,1419267.0,600.0,25.0,145.0
e15b01c481b024711fb90074,1422932.0,1423332.0,1000.0,50.0,400.0
ddfcbda18da926633ae7cb2e,1440852.0,1441915.0,600.0,50.0,1063.0
7dff551526afeb96d49c9a6a,1441372.0,1442105.0,600.0,25.0,733.0
bbd809312a9008f2cec0cb89,1444303.0,1444984.0,600.0,100.0,681.0
d46231330a9ab28d636a3622,1458391.0,1458442.0,600.0,100.0,51.0
e794d012190382cb6f75baac,1458752.0,1459329.0,600.0,25.0,577.0
c65903117385571018e64a72,1459286.0,1459831.0,600.0,50.0,545.0
a5c0c499ac61fb584e4b9fb7,1467531.0,1467555.0,600.0,100.0,24.0
b4bf6b437e4e83c24065208a,1467596.0,1467620.0,600.0,100.0,24.0
2bd613bcd5aa96fb834082df,1471302.0,1476028.0,600.0,100.0,4726.0
16d230689f32946277bb1363,1471318.0,1473412.0,600.0,100.0,2094.0
a068cc9acafe876dedd09228,1472690.0,1474602.0,600.0,0.0,1912.0
38bbb65dd5ef5ec2b0d724fd,1473211.0,1480177.0,600.0,100.0,6966.0
d55c35a9a4fb558bf3ae3fa4,1475823.0,1475968.0,600.0,100.0,145.0
e7b6060f25aa36f6aa49fbf3,1478512.0,1478674.0,600.0,25.0,162.0
0b3bf6f1a94a3ac03256b0f8,1480195.0,1489578.0,1800.0,100.0,9383.0
a8456b71584350cbae812be3,1483739.0,1514357.0,800.0,50.0,30618.0
1f3bf25375878e5354376d3b,1492587.0,1492614.0,600.0,100.0,27.0
68583c6a67eb443de3ea60de,1498237.0,1498625.0,600.0,100.0,388.0
80571e867ab4eff6c3c226ee,1502207.0,1502803.0,1000.0,50.0,596.0
b8f2df1524264d8fe6b47a93,1512951.0,1570964.0,1500.0,0.0,58013.0
9d7d0d7a908d29a3d9c2f566,1513975.0,1514310.0,600.0,100.0,335.0
5343d3a35549a7a73b1a9bfd,1515751.0,1516246.0,1000.0,50.0,495.0
6f70a9f6c94d194117a4201e,1523177.0,1527674.0,600.0,25.0,4497.0
31711cf87bcf94701b0b6709,1527253.0,1529133.0,600.0,25.0,1880.0
ec6edc04046a1192918384df,1528638.0,1531919.0,600.0,100.0,3281.0
6e574a1b2f1b93dd57d71b71,1528922.0,1529763.0,100.0,25.0,841.0
71313fc39a97a4d753132198,1532628.0,1538251.0,600.0,10.0,5623.0
59e4d8b529b97019f73f7e1b,1539919.0,1543725.0,600.0,100.0,3806.0
52e44ea8cd1cbc59c385e94c,1540050.0,1541669.0,600.0,25.0,1619.0
52e2dde78c30ed7e0756ee3e,1540848.0,1541244.0,600.0,100.0,396.0
8aac0d742f426d50d1a7d35b,1543364.0,1543418.0,400.0,100.0,54.0
60d62b29fbffb1b0b87f7f2d,1543696.0,1543729.0,600.0,100.0,33.0
712d87e91e1a8b701230c0ea,1547850.0,1547880.0,600.0,100.0,30.0
9e71fe2daa5803e910a3a265,1550400.0,1550619.0,600.0,25.0,219.0
7ab09297a16972d882e25aa5,1551204.0,1572012.0,1600.0,100.0,20808.0
473964725ad2b112232be65c,1551675.0,1559727.0,200.0,25.0,8052.0
5a95dc85e286c15e99fd85ff,1554378.0,1555834.0,1600.0,100.0,1456.0
d33103c3ddc1521c46074df1,1558421.0,1559015.0,1000.0,50.0,594.0
9f87001e41f07808042e9af0,1562684.0,1563094.0,600.0,100.0,410.0
a4dcc45a11f8ef96619f02c8,1563369.0,1567493.0,600.0,25.0,4124.0
1d9dd6f24d99e4512ca2a169,1563683.0,1563859.0,600.0,0.0,176.0
5cbb5369f3ccdaa0707978fb,1563806.0,1563904.0,800.0,50.0,98.0
dcd779d6cbc58996d005b3ea,1566289.0,1569091.0,600.0,0.0,2802.0
d19677b0c4a175a9a2c9f8bc,1568168.0,1568646.0,600.0,50.0,478.0
ac3ddb25baab3b537c2cad54,1568382.0,1575595.0,600.0,25.0,7213.0
f6924936644688e2ebe275b1,1568578.0,1568624.0,600.0,0.0,46.0
91a7090406af16b108efe6f5,1570070.0,1571587.0,600.0,100.0,1517.0
915002463cdd1e957d7f1668,1570656.0,1581531.0,1800.0,100.0,10875.0
d64945456ae1793e697871ee,1570656.0,1581347.0,1800.0,100.0,10691.0
fabc6889ad5b4ade6f99b13a,1571090.0,1571118.0,600.0,25.0,28.0
54e1accfb21360655015b6b1,1573853.0,1574794.0,1000.0,50.0,941.0
d6f6e32032895814bcf24aa5,1574578.0,1578790.0,600.0,0.0,4212.0
bd6f695967bc1e078ba5d853,1578223.0,1578254.0,600.0,100.0,31.0
3e7be82e48fd496831a56340,1581966.0,1583866.0,100.0,25.0,1900.0
d20546330a5992f6468dd12c,1583694.0,1583953.0,600.0,25.0,259.0
5c8c0804e75d0494ef56d803,1584243.0,1584540.0,600.0,100.0,297.0
e1c69b2b8c76203b2663e201,1585761.0,1586017.0,600.0,100.0,256.0
6b0afeac1603023f4bfad43b,1586755.0,1586793.0,600.0,25.0,38.0
22fb4cc5a21542c5dcca1f85,1588549.0,1588843.0,600.0,0.0,294.0
eff26be1c703099b1825ed99,1588781.0,1588891.0,600.0,100.0,110.0
84c0273ebdc322a28c31dd46,1588943.0,1589025.0,1800.0,100.0,82.0
29d979d87056224d2c94dde6,1590317.0,1591893.0,50.0,500.0,1576.0
fd84f834930b408470594e13,1593553.0,1593748.0,600.0,100.0,195.0
36ff6ba9f47cba325a42efbb,1595094.0,1595777.0,600.0,50.0,683.0
81d010e17c6043a8c0dcd98a,1595834.0,1596218.0,800.0,0.0,384.0
1e3051b9d831baec33d134d4,1598225.0,1599283.0,1600.0,50.0,1058.0
aa0940f13ee38b59d0468f2f,1605859.0,1605917.0,600.0,0.0,58.0
cc972f0d7426f8c88a28d494,1610691.0,1640060.0,20.0,5.0,29369.0
6f06f04594f608949aa55022,1614372.0,1625665.0,600.0,25.0,11293.0
e66f571711f5d7b4caeb33bc,1615359.0,1615815.0,600.0,200.0,456.0
e3bc120a1ad6b2f85e0520ab,1619927.0,1628139.0,600.0,10.0,8212.0
f6531f8253b334bc6c1d9179,1633906.0,1638110.0,100.0,0.0,4204.0
459c907cf9c8048c911e9bfc,1634057.0,1656882.0,3200.0,100.0,22825.0
449ae1400737bf1c4d4d7133,1635322.0,1635456.0,1000.0,50.0,134.0
16c5be8166d4a4455ab3277d,1636472.0,1636527.0,600.0,100.0,55.0
dbf6a88a730c42b9dc28559a,1639590.0,1640795.0,1200.0,0.0,1205.0
b6f139d29d70925a01662ec6,1647936.0,1672714.0,20.0,5.0,24778.0
87aa51c802b3ee119c8eeb18,1648333.0,1648408.0,600.0,0.0,75.0
2099cb237151e1a27f1ec325,1649179.0,1649632.0,600.0,100.0,453.0
738223e5bc8fa2d7a57c9872,1649244.0,1651441.0,1800.0,100.0,2197.0
5a5045779ef2d795a828dcb8,1651216.0,1651602.0,600.0,0.0,386.0
7915774ebec6c060d4e0a421,1652111.0,1654489.0,600.0,50.0,2378.0
31b4db34e66dfb7912ada780,1652589.0,1657758.0,600.0,0.0,5169.0
12acbc59bc6af97e68f19358,1660417.0,1674863.0,1800.0,100.0,14446.0
ae6600aa0b3824542155266e,1660418.0,1675453.0,1800.0,100.0,15035.0
8d9e0a43ca3311ce1d7bc1de,1662122.0,1662265.0,600.0,100.0,143.0
9f15c87cad2db901eea0e335,1663850.0,1663960.0,600.0,50.0,110.0
c6059f22efb7bf5df21e1cc0,1664518.0,1664811.0,600.0,0.0,293.0
c6a1d2e9f80f8fb80a4cf43b,1665455.0,1665929.0,600.0,100.0,474.0
e9421048f42a78a01131d353,1668721.0,1668792.0,600.0,100.0,71.0
dcfb031ea20643d2808735e8,1670917.0,1670972.0,600.0,0.0,55.0
23d2675c0321c2832d333d87,1671456.0,1671572.0,1800.0,100.0,116.0
c88ce5d0f84813944594b00a,1672766.0,1676967.0,600.0,0.0,4201.0
13f58bcdce0427d261cdf6d2,1673650.0,1674820.0,600.0,200.0,1170.0
f77948875acba866cf0f8127,1677978.0,1678225.0,600.0,100.0,247.0
ea53f2590496610657299706,1678221.0,1678253.0,200.0,0.0,32.0
fc6604ca440190b54c211936,1679930.0,1680954.0,200.0,0.0,1024.0
01933cfc9f232553f0b44033,1679937.0,1681487.0,600.0,25.0,1550.0
887c9f308838f3a2db5bc87a,1683850.0,1684026.0,600.0,100.0,176.0
81409b3df2005aff9baada92,1685695.0,1685860.0,600.0,100.0,165.0
71e1982352aedab6a69355c3,1696001.0,1696332.0,600.0,0.0,331.0
7f37b6fe49843b31523720d1,1697703.0,1700309.0,600.0,50.0,2606.0
979446c85e11560f02b8daa9,1698090.0,1698544.0,600.0,0.0,454.0
05c6460f5146feeb0f924aa7,1698413.0,1698898.0,600.0,0.0,485.0
403e620a556b1490aeb1a521,1709907.0,1714473.0,600.0,100.0,4566.0
236843be9fcde46e39f29943,1710096.0,1710393.0,600.0,50.0,297.0
07d499fa6b3843c36fa68b0e,1710624.0,1710946.0,800.0,50.0,322.0
0201b74e0ff1347782a490a8,1714175.0,1714922.0,600.0,100.0,747.0
6bfc72cd42766ba251af89e0,1716702.0,1717717.0,600.0,500.0,1015.0
83b7fb9ac3dc6757440e35c4,1726231.0,1726646.0,600.0,0.0,415.0
668a573f3d86f64ae6762a53,1727320.0,1727344.0,600.0,100.0,24.0
5caf83f2b5927ac38faa8927,1734772.0,1734962.0,600.0,100.0,190.0
2fce2878dfe145095c56ed9d,1734910.0,1736804.0,600.0,100.0,1894.0
f0ed58f8060482b63cf82e83,1737122.0,1737533.0,800.0,100.0,411.0
2054fd430bb3d3ece1179c09,1748131.0,1748185.0,600.0,100.0,54.0
d333adc86042e528b2691ce7,1750870.0,1753296.0,500.0,0.0,2426.0
e0980379b4c30ca562378da7,1757211.0,1757266.0,600.0,100.0,55.0
ed004002b02ceeee33ce01ce,1758332.0,1759088.0,1800.0,100.0,756.0
1e023e215dcf07d309cdf8c2,1760386.0,1760651.0,600.0,25.0,265.0
18c51b528a9f3d7f66354c64,1760423.0,1760777.0,200.0,0.0,354.0
7d3fc0da4af6364260126295,1760432.0,1760507.0,600.0,100.0,75.0
2f7accec78d5b193438430f3,1768423.0,1768572.0,600.0,25.0,149.0
102a43a5bc0bcf0875d3d3f7,1774396.0,1774563.0,600.0,100.0,167.0
f3efff6dc7794171e03fe062,1774532.0,1776180.0,600.0,100.0,1648.0
30f7b963a7a0dc549cc93644,1774588.0,1776237.0,600.0,100.0,1649.0
3255b0bb370a372ba1bfdccd,1779542.0,1779641.0,600.0,25.0,99.0
4f0175497bf00130291a339f,1783583.0,1783769.0,600.0,0.0,186.0
e48910cb0c82ffc946eec08d,1785892.0,1798334.0,600.0,100.0,12442.0
38134cc3014c20c089e45be8,1790608.0,1797111.0,600.0,10.0,6503.0
38e0953980ec9a61f8899629,1791353.0,1796255.0,600.0,10.0,4902.0
497291931b47d563d6212745,1798328.0,1798913.0,500.0,50.0,585.0
d54f9b3139023d42167288db,1804557.0,1804963.0,50.0,100.0,406.0
d3b2812e0a5382bb7f0cc9d7,1805788.0,1810293.0,600.0,0.0,4505.0
b7eb071640a4cff88c64d165,1810309.0,1813651.0,600.0,0.0,3342.0
baf24274e117f5a2f802f570,1813607.0,1813631.0,600.0,100.0,24.0
7dfb8a627be9f1d109427847,1815088.0,1815306.0,600.0,25.0,218.0
6216e88d90f34e4ca9de5856,1820626.0,1821046.0,600.0,100.0,420.0
c209f6923820f084e9e51b0a,1825873.0,1825970.0,600.0,25.0,97.0
a0494d35cc584e90ffd9c877,1826434.0,1826704.0,600.0,100.0,270.0
35c749602fa97bdf38b9010b,1827191.0,1827465.0,600.0,10.0,274.0
8da1f11b2d3d67ae6b2cbc36,1835333.0,1835586.0,100.0,0.0,253.0
d5654fde1754cc58e67bd4db,1835494.0,1835528.0,20.0,10.0,34.0
b77bb44e8d3aecd374280997,1836226.0,1917726.0,600.0,0.0,81500.0
4b188b563d499b95835813e9,1839354.0,1839498.0,600.0,0.0,144.0
6ac87ef65dec16e2ed5ade14,1842250.0,1843721.0,400.0,25.0,1471.0
987c7c54f8bb83506c93cd6f,1842752.0,1856468.0,600.0,50.0,13716.0
f4c7aaa972bcd1ae10606665,1842898.0,1843015.0,1800.0,100.0,117.0
7393c4cb79b411abd3630f3c,1843242.0,1843341.0,1800.0,100.0,99.0
0b67c9dcf8c4510c39a29efe,1843759.0,1843783.0,600.0,100.0,24.0
c4d0439f4694b6024dae23c0,1846970.0,1855935.0,600.0,400.0,8965.0
b129f31c7bcb5a2c1e97ed55,1848109.0,1848417.0,600.0,100.0,308.0
d4ba5c63cdb242bbb53e804d,1848563.0,1850552.0,600.0,100.0,1989.0
518cb46069e9337c92e26479,1849119.0,1849216.0,600.0,25.0,97.0
7445d4eea111407093428a2b,1849758.0,1852411.0,600.0,10.0,2653.0
91adcf4c3eaa7aa3c8789bc1,1849785.0,1849866.0,50.0,100.0,81.0
be054f22af410cc6b6f75f1c,1851043.0,1851249.0,600.0,100.0,206.0
3d50e7de285a675555f94c52,1866347.0,1917150.0,6400.0,200.0,50803.0
0dec634f2aa90aeca287fe4e,1866689.0,1869432.0,600.0,50.0,2743.0
17fe9b4ac4c891e7d41907e7,1867809.0,1917286.0,800.0,100.0,49477.0
f898946f23d5e2a76d1813d0,1870819.0,1896966.0,3200.0,100.0,26147.0
a5cbdf7b7806e3dc1a356dc1,1872980.0,1873987.0,600.0,10.0,1007.0
35f30caeb34f859535b7f074,1876194.0,1882581.0,600.0,10.0,6387.0
8d1d6b40797cad1d8531a90a,1892684.0,1892728.0,600.0,0.0,44.0
bc03f9f964fb4184ba8cfdb5,1896932.0,1900916.0,1600.0,100.0,3984.0
b90f023948a214c82247bda9,1898771.0,1898806.0,600.0,0.0,35.0
4aec1224068b6623bb7a7b07,1901509.0,1914031.0,20.0,5.0,12522.0
ad8b735b5bc349708b54f621,1903350.0,1906057.0,600.0,50.0,2707.0
6dd3c942d4cfb245a5e29507,1908069.0,1908496.0,100.0,100.0,427.0
e5ef19982f4d22ecadd38a82,1913148.0,1913261.0,600.0,25.0,113.0
9b3e9177aa89ecf9f330799a,1918060.0,1919325.0,600.0,0.0,1265.0
cfe331f0d6121fd865fe3c66,1918562.0,1919311.0,600.0,100.0,749.0
de45fcb3b6bad85f099296fc,1924402.0,1925107.0,600.0,0.0,705.0
a11278ee0896281c07a6134b,1931417.0,1932377.0,600.0,25.0,960.0
37af262e21d1f285d6d584de,1932170.0,1932534.0,600.0,0.0,364.0
5dd49f7170cdfc4d3f6075b9,1932362.0,1932750.0,600.0,100.0,388.0
6f789815f585e4f52881b655,1932750.0,1933057.0,600.0,100.0,307.0
a19b2553347847d586a9537c,1935958.0,1936012.0,600.0,100.0,54.0
be18b1b1e9831a6d0312ab96,1942154.0,1952243.0,600.0,100.0,10089.0
4a3cef58ca03e01f2e0cc116,1949400.0,1956180.0,600.0,50.0,6780.0
fa48ce4a092c6dba3fe5007e,1953352.0,1970324.0,600.0,10.0,16972.0
c0165642f67de0c19a68dec3,1960929.0,1961628.0,100.0,25.0,699.0
e1a0155dcffbd929e10348a8,1961180.0,1961225.0,600.0,25.0,45.0
fd35fd25925e6db788ae87d5,1961602.0,1964437.0,20.0,10.0,2835.0
74132ccdb9aa25080568cbe2,1961941.0,1962559.0,600.0,100.0,618.0
14fbe9c7d535010b4fb52382,1963443.0,2003109.0,600.0,25.0,39666.0
8feaa4c727f5dcc23a8e4a6f,1965318.0,1972780.0,600.0,50.0,7462.0
f04122ab821adf47d8da0297,1965958.0,1969980.0,800.0,25.0,4022.0
4daa94ca9d7c6c5ad521aae3,1966652.0,1971422.0,600.0,25.0,4770.0
67f9216b21d50a73c8f9df27,1966991.0,1972120.0,600.0,10.0,5129.0
4add2aa2ffeab23d74006742,1969921.0,1972158.0,600.0,100.0,2237.0
d48601306b2f265f6dfe96cf,1974388.0,1978934.0,600.0,25.0,4546.0
0a8596930b70b85fda76a8a6,1975789.0,1975840.0,600.0,100.0,51.0
edc4afc4cfcd3862826abe1b,1975833.0,1975944.0,600.0,100.0,111.0
ddc143e5561310975a64e073,1976250.0,1976263.0,100.0,0.0,13.0
1d7df9565433f16e7879f528,1976645.0,1976769.0,100.0,0.0,124.0
5b09dfe358e3556f0b524eb0,1980192.0,1981309.0,600.0,50.0,1117.0
01064bca45fdaef56044e318,1980320.0,1996482.0,600.0,100.0,16162.0
2d7b2545213712ad02f68322,1980589.0,1999395.0,3200.0,100.0,18806.0
835c7effd40709f42a41dc32,1986911.0,1986924.0,200.0,0.0,13.0
4936e63dc15d52adeb896f87,1988709.0,1988984.0,600.0,0.0,275.0
320458d7a6c2587d080a14c6,1988933.0,1988946.0,200.0,0.0,13.0
bb3c44222c03ee9cd35d65d8,1988981.0,1988994.0,200.0,0.0,13.0
25f97a90abebd85f66e43302,1990128.0,1993231.0,600.0,50.0,3103.0
4379b3242423ea7e5af273eb,1994833.0,1996314.0,600.0,100.0,1481.0
1c6b9aa7a11a7437039d4f13,1999533.0,1999554.0,600.0,100.0,21.0
8ffb38b94e240eb514e802df,2000905.0,2004674.0,1800.0,100.0,3769.0
ad7b208bffe3fdf987e67b98,2037074.0,2037145.0,1600.0,100.0,71.0
e2f18dee10b0967960cdd813,2039826.0,2040921.0,600.0,0.0,1095.0
ce5711f78c6887d8c40fdf82,2047424.0,2048380.0,100.0,25.0,956.0
be63706fe4de9c337b0869e8,2052644.0,2061012.0,600.0,10.0,8368.0
784cd8db743ea73ec0a6b583,2053514.0,2054288.0,800.0,50.0,774.0
fc27a7277dce2c1d4f661fcc,2055048.0,2058303.0,600.0,25.0,3255.0
08a51bfbc32d10a5a7065e8d,2057428.0,2057442.0,600.0,100.0,14.0
8a9ef967170575185b0b68bf,2059387.0,2059400.0,200.0,0.0,13.0
858a9f47e0ab9fe5e08ba2c7,2063065.0,2067008.0,600.0,25.0,3943.0
90dea859bd38b72639237296,2063529.0,2063560.0,600.0,100.0,31.0
3b4c428f60fdebdc3f04ac4d,2063842.0,2063933.0,600.0,100.0,91.0
b2fbf2d2a907eafd31cce88e,2064017.0,2065210.0,50.0,100.0,1193.0
a4d2bf7b048ac5339fff4f34,2065061.0,2068386.0,600.0,0.0,3325.0
c4e8595d63522d1df7871bb8,2069423.0,2077103.0,600.0,100.0,7680.0
decd4d523e34ed1e337f5944,2070009.0,2087224.0,600.0,25.0,17215.0
9d0370c05d380569612b3551,2071004.0,2071058.0,600.0,0.0,54.0
3b90725386f8d0ec90fb23b6,2074933.0,2075043.0,600.0,25.0,110.0
26a1022ea8419b4387dd8547,2075447.0,2076987.0,600.0,50.0,1540.0
54f70fad40ee0d0690646b8c,2076808.0,2077172.0,600.0,10.0,364.0
4caebd53e941761cfa706808,2079520.0,2079555.0,600.0,100.0,35.0
5c1f43f70d3f92979f877225,2085263.0,2090553.0,600.0,25.0,5290.0
dbd71e49854b99368e18c584,2086117.0,2086227.0,600.0,50.0,110.0
31baf0afd28dfc05cefe9b45,2090205.0,2090218.0,200.0,0.0,13.0
0168af23a3203bae8c7aa5df,2091594.0,2109452.0,600.0,0.0,17858.0
73c96773d4411e97ca18b0b6,2094680.0,2122993.0,600.0,25.0,28313.0
24bd88a73b09e705779a03f6,2100543.0,2101261.0,800.0,50.0,718.0
77e2fd3e1efcfa2a900c7a06,2107507.0,2107924.0,600.0,100.0,417.0
faabc98fcac742b1c9d998a0,2108600.0,2112075.0,600.0,100.0,3475.0
31b016c8d2dfbf57b0fc7763,2111939.0,2112052.0,600.0,0.0,113.0
bf9a5891b8240e9ade49f428,2113484.0,2113741.0,600.0,100.0,257.0
13c1fdc0f45ba8eb8560ed3b,2116373.0,2116403.0,600.0,5.0,30.0
3f328bad9d0cfb8600e0613d,2116373.0,2116392.0,600.0,5.0,19.0
8c1d930fde3142beb52ffa99,2118950.0,2147437.0,20.0,10.0,28487.0
832fdd2effe100d8bc693792,2123805.0,2124066.0,600.0,100.0,261.0
26270d3096052dc1b724ce71,2135089.0,2139038.0,600.0,10.0,3949.0
be7814122f4bc3df660d7ad0,2135939.0,2141078.0,600.0,10.0,5139.0
b31f625996923f165a86d546,2139099.0,2143850.0,600.0,10.0,4751.0
fcd8f9b017183d587b331ce2,2144474.0,2144838.0,400.0,0.0,364.0
e5d0167442e6ab0fce4d20a5,2147717.0,2164894.0,600.0,25.0,17177.0
90d61a29085f63cb3c8ff2fd,2148182.0,2148212.0,600.0,100.0,30.0
fbb1e21e4f176d5dce1cd07f,2149100.0,2149335.0,600.0,100.0,235.0
311da0b3e1830ba432d360b3,2153830.0,2157936.0,100.0,0.0,4106.0
0c9651a2d3e40c2b0339c1d7,2158467.0,2158492.0,600.0,100.0,25.0
5bb50c73631740f66919639d,2159056.0,2159158.0,50.0,300.0,102.0
a442359b772a02d34141a1af,2159450.0,2159484.0,600.0,100.0,34.0
816e5cb0fc5668832e72e483,2161635.0,2167184.0,600.0,50.0,5549.0
cdb9aa897f937311f631359f,2163722.0,2163763.0,600.0,0.0,41.0
e16aff19653e9852433e6300,2166384.0,2378365.0,600.0,100.0,211981.0
cdcbbc887d63b02805f0e96b,2169615.0,2173567.0,600.0,50.0,3952.0
183fc11e8bb61e2cd2d07e24,2171984.0,2172213.0,600.0,100.0,229.0
77b8b1534162ec0624077c8f,2181827.0,2182607.0,600.0,0.0,780.0
4dbdfb35d174a45ba484a0be,2182047.0,2202728.0,600.0,0.0,20681.0
2e40c5e335aa145aa165575d,2182668.0,2185484.0,600.0,100.0,2816.0
e1b08b465cf8beaa97a9f2ed,2183820.0,2240719.0,600.0,50.0,56899.0
57e8a0d451a31de0b27e5c7e,2185051.0,2185394.0,600.0,25.0,343.0
0bddc1eeeee559c5e7410c9e,2190875.0,2191638.0,200.0,0.0,763.0
57127609269115f52b9e059e,2192034.0,2192128.0,600.0,100.0,94.0
4589a4fe1992b2ce8f735bd3,2192747.0,2192786.0,600.0,25.0,39.0
4529f3bd882e9b5799c38e7b,2196160.0,2196215.0,600.0,100.0,55.0
a4dd17e57d760eff702886a1,2201770.0,2201796.0,600.0,50.0,26.0
5c04052125b9d628f34c1ff1,2202948.0,2202982.0,200.0,0.0,34.0
5bd09840e4cd1a2b8fafa891,2206439.0,2206463.0,600.0,100.0,24.0
ec2d08e53bec3254f06b01d1,2214325.0,2229944.0,600.0,10.0,15619.0
971011a04112e8084985c7e4,2215222.0,2215436.0,600.0,25.0,214.0
d5eff8a6fee42afe1007626d,2215267.0,2215460.0,600.0,0.0,193.0
fee47510b429aac0b18cb253,2219323.0,2219339.0,600.0,100.0,16.0
96c6cbd9660f552815423c73,2224642.0,2231220.0,600.0,10.0,6578.0
959ee8ff76bd50376c1cd346,2224789.0,2225978.0,600.0,50.0,1189.0
dd434098b5b37219f8282e6e,2233920.0,2234618.0,600.0,25.0,698.0
f5fe6f34f5c57991d510efba,2237468.0,2239154.0,50.0,100.0,1686.0
ebed425a87b9444ce0482e41,2241116.0,2241262.0,600.0,100.0,146.0
20010ec948e60065dbc76d76,2245120.0,2245144.0,600.0,100.0,24.0
ef61e94fb6d085a42689b5c4,2247662.0,2248355.0,100.0,100.0,693.0
c79a5453dab40d8bf47d0098,2248972.0,2250824.0,600.0,0.0,1852.0
55b356e2f0e00a2827a3d955,2254696.0,2254710.0,200.0,0.0,14.0
10f86f3e3ae8e17c01658b63,2255977.0,2275613.0,3200.0,100.0,19636.0
df2ca04518d305850c28e698,2256362.0,2260164.0,600.0,50.0,3802.0
ddbf2d68d47b2fd3723d93b1,2257202.0,2258098.0,100.0,0.0,896.0
48695a2b697f6f4e1e46a34e,2260630.0,2261821.0,600.0,25.0,1191.0
11b080689cc14ed2fff9f625,2262740.0,2262887.0,1800.0,100.0,147.0
aaa71079088eeeb13e263071,2264741.0,2264786.0,600.0,50.0,45.0
281314852c7aa28b9b31d7ea,2265035.0,2265066.0,600.0,25.0,31.0
906fa9e77c48fbf98a522b67,2266946.0,2267039.0,600.0,25.0,93.0
1457b36b8cddedf4fe607de6,2271388.0,2275489.0,1800.0,100.0,4101.0
e7168c20a0143762b3fdfa66,2275679.0,2278347.0,600.0,200.0,2668.0
f5052f2177d1e64d961324c7,2279351.0,2281886.0,400.0,0.0,2535.0
aaf6793c59b5e30c5d0e1015,2279594.0,2290245.0,600.0,0.0,10651.0
3987ede275c025e4c14c973e,2281635.0,2283448.0,600.0,25.0,1813.0
518e022ac1c8e447b24f0978,2283482.0,2288484.0,1800.0,100.0,5002.0
89ba6c2a99acaa2848803454,2286109.0,2293091.0,500.0,50.0,6982.0
84e8dd2e5a5e64c6ceef6a85,2292401.0,2293031.0,600.0,50.0,630.0
7b83ad74758f800c6f909e65,2292757.0,2295649.0,100.0,0.0,2892.0
e08491428fa6802ac4ca585c,2296597.0,2296963.0,600.0,100.0,366.0
d86a934a42d4f8918a72454f,2299858.0,2319719.0,600.0,10.0,19861.0
a1f3f83e26ae6a75cd84b8f2,2301245.0,2306068.0,1600.0,100.0,4823.0
5d73a996e98134fe4b49f87d,2303140.0,2303169.0,600.0,100.0,29.0
528f36fea90b94175459998d,2304078.0,2329572.0,600.0,25.0,25494.0
99c79620abe466ae7a42e3cf,2306073.0,2307393.0,100.0,25.0,1320.0
f9389cea42a1848f494c019b,2311817.0,2312318.0,600.0,0.0,501.0
bf2e3430a5be1299c635f17c,2321315.0,2321953.0,600.0,0.0,638.0
ca60364cfb4539669b441fec,2325866.0,2325904.0,400.0,100.0,38.0
1502984777793026a3db07c9,2326178.0,2326367.0,50.0,100.0,189.0
4a32bd251b3222fddd18334d,2327779.0,2327989.0,600.0,200.0,210.0
0151e22fed42346b33db447c,2335158.0,2335773.0,600.0,10.0,615.0
cc9892395b7293346be15cb8,2338857.0,2350092.0,1800.0,100.0,11235.0
0559e24bd643cb8f6c190417,2340629.0,2340641.0,200.0,0.0,12.0
3082c2d9b7f704b7cb8aecf7,2341824.0,2393193.0,600.0,100.0,51369.0
1b57327e538d16d22fb00fc4,2342238.0,2343931.0,200.0,0.0,1693.0
cfd980e52dfa73eb385174fd,2342337.0,2345971.0,600.0,50.0,3634.0
e08e635e1cc1043c685bb2b0,2342847.0,2343482.0,600.0,25.0,635.0
235df8c18bcdc2450c607248,2343099.0,2343848.0,600.0,25.0,749.0
bca9c6c0a8122cd18f0857cd,2343233.0,2343292.0,600.0,100.0,59.0
c362c9811925522dd4795454,2343237.0,2345438.0,400.0,0.0,2201.0
b0136a44fd2d35aa822fb8cc,2343889.0,2344003.0,600.0,100.0,114.0
f185e3b46ea6ef236140e353,2346114.0,2346570.0,1000.0,50.0,456.0
3362b129a547f1a9853913c5,2348612.0,2379013.0,600.0,25.0,30401.0
f8974c0c348ac4578367297a,2354139.0,2354175.0,200.0,0.0,36.0
420403ecbfc7aaccef02f127,2354777.0,2364938.0,600.0,50.0,10161.0
0c932feae19fe6d649d80519,2356268.0,2356282.0,100.0,0.0,14.0
ce4630548ef88157408b543b,2360232.0,2363002.0,600.0,25.0,2770.0
526647f5d60b48cd677153ad,2362813.0,2393629.0,1800.0,100.0,30816.0
170fa29bf82972dbb1b1794a,2362948.0,2402230.0,600.0,25.0,39282.0
a3cf425aa5cc25ec15827820,2364177.0,2364232.0,600.0,100.0,55.0
e5eec8fd54777f7e1e1946b8,2365169.0,2365227.0,1800.0,100.0,58.0
1db0a4259041ce38c3a8b4cd,2366088.0,2366763.0,600.0,100.0,675.0
cb9c249315fd8179fbe046f3,2367600.0,2372638.0,100.0,100.0,5038.0
5711f03aff0ebaa27a741789,2368596.0,2368616.0,600.0,100.0,20.0
a4ce0fc98302b163604d3eb2,2369279.0,2369406.0,800.0,100.0,127.0
a6c1767e7c10d2cf0322fbda,2369603.0,2369865.0,600.0,200.0,262.0
8c9360b0c207fbe0537bd354,2370926.0,2401212.0,600.0,10.0,30286.0
db5136a262acc312549a5a66,2372902.0,2376190.0,600.0,100.0,3288.0
3774034b0a53bd42571d1365,2376851.0,2377007.0,600.0,100.0,156.0
84badc0e5e51277063089226,2379349.0,2381091.0,400.0,50.0,1742.0
7a4f7173c3e20b685cd28d04,2379754.0,2380001.0,600.0,100.0,247.0
85e527045de559e4a9fe7e40,2379755.0,2379991.0,600.0,100.0,236.0
1a7d898c8de95b0544452652,2380403.0,2380854.0,200.0,10.0,451.0
8b9f5e9463d8ac62d42eceb8,2381220.0,2383341.0,400.0,50.0,2121.0
3b1dce720bc44dff492fab75,2381848.0,2381896.0,600.0,100.0,48.0
789e7b27715bce947e0ca686,2394454.0,2394934.0,600.0,100.0,480.0
eb51320f1bb56360f4300927,2399308.0,2443761.0,600.0,20.0,44453.0
cea62add49d01a4a41e6b548,2402175.0,2402279.0,600.0,25.0,104.0
0b1472451a612666f68c9037,2409657.0,2410901.0,800.0,100.0,1244.0
9080c18670b32062d8fb6296,2410484.0,2434619.0,20.0,10.0,24135.0
976bbaf429837b5adf724c72,2420549.0,2420673.0,600.0,100.0,124.0
2b008a0a456d92e050756813,2423571.0,2425402.0,50.0,25.0,1831.0
0240cd167ec22bb11b97e747,2425854.0,2428254.0,200.0,20.0,2400.0
bb75a706ba8e0c58e80c503e,2426363.0,2434256.0,100.0,0.0,7893.0
7d357645cbc901fa0687cb19,2433258.0,2433331.0,600.0,25.0,73.0
e78d8347e473d1d26de1e00a,2437081.0,2448175.0,20.0,10.0,11094.0
94cb55a074013c41e02df636,2437197.0,2445035.0,20.0,10.0,7838.0
9fd68eb413143ef510ed199f,2442608.0,2442721.0,600.0,0.0,113.0
c484c375c2b2b16401665548,2446412.0,2465562.0,600.0,0.0,19150.0
07a8c18a598a6fd619f8b11a,2459090.0,2459257.0,600.0,50.0,167.0
fe4da5738ff18fd308d2808a,2461097.0,2462482.0,600.0,50.0,1385.0
713295ed7bb017f369052892,2463766.0,2464093.0,600.0,100.0,327.0
0d71db3673838fd835198119,2464183.0,2464741.0,600.0,100.0,558.0
b7256b87f116fdba1375d69b,2465471.0,2477697.0,600.0,0.0,12226.0
14ec71f362af53ca2f3ae22e,2467977.0,2468009.0,600.0,5.0,32.0
6c1804c24556f30cefc1e9ac,2468397.0,2468643.0,600.0,100.0,246.0
8510c8af74a731309543ff74,2471635.0,2533490.0,600.0,25.0,61855.0
0ab55392c55295fd5fd732f1,2471725.0,2471807.0,600.0,100.0,82.0
99e8362103650e3b77446615,2473046.0,2488945.0,600.0,10.0,15899.0
7d0c6cd3acf70e7ecf16119d,2477771.0,2480041.0,100.0,25.0,2270.0
290c1be6a1f360d48ded4724,2480058.0,2480296.0,600.0,25.0,238.0
d17af9d6cf4fc45565709d49,2482821.0,2486148.0,400.0,50.0,3327.0
37f5c600d6e2a773e27c1c91,2487958.0,2488623.0,600.0,100.0,665.0
56fe73e7028fee5b5c48bbf6,2493374.0,2495725.0,600.0,100.0,2351.0
e53bbd0313767e6ffbd14122,2494808.0,2495232.0,1000.0,50.0,424.0
77a0a94442c156eea0b156a5,2497877.0,2498556.0,20.0,5.0,679.0
13364c7555c03454d0d8251c,2498919.0,2501512.0,600.0,25.0,2593.0
da7d17f92f51c219e3771a6a,2502042.0,2502175.0,100.0,100.0,133.0
b5afa14c147958d8b4c01b5f,2506021.0,2506681.0,600.0,100.0,660.0
27399453d62e1da8967f0917,2510155.0,2511182.0,400.0,100.0,1027.0
f3f2e53e5d1a659015096f49,2512690.0,2515616.0,600.0,25.0,2926.0
31341ae52f812c367210490f,2519652.0,2520068.0,600.0,50.0,416.0
ee65507646b973188e53bf95,2520779.0,2534203.0,600.0,25.0,13424.0
07537f91f0016ccf16ebbead,2525793.0,2526152.0,600.0,50.0,359.0
aa6fa5f10a45caf6a29a1c9c,2527985.0,2528211.0,600.0,100.0,226.0
cfd0d9558102248c19bb3da1,2529669.0,2529693.0,600.0,50.0,24.0
b81d4a22a407fb9f6780eea0,2535681.0,2535729.0,600.0,0.0,48.0
8090a5594ded18f7253f4d5b,2540454.0,2540641.0,600.0,25.0,187.0
2b2e1b08a2e1c97883c95b89,2540991.0,2546912.0,600.0,10.0,5921.0
9924cbbf05a0dfb3423eac7e,2541802.0,2566296.0,3200.0,100.0,24494.0
966cf2ffc1cb4468228f77c6,2542367.0,2545927.0,600.0,10.0,3560.0
9b1bdf28846a678f49622204,2543702.0,2546948.0,600.0,10.0,3246.0
3b771bffdeaa20c948088c01,2549100.0,2563909.0,600.0,25.0,14809.0
aca857c202f0e6a704b1b931,2555528.0,2556097.0,400.0,25.0,569.0
da06136140f664586b6fdbb3,2556036.0,2557444.0,400.0,50.0,1408.0
89e4fde684c528346c610ef2,2567967.0,2572613.0,600.0,100.0,4646.0
e0836f4d789c05605127a54a,2568497.0,2573509.0,600.0,10.0,5012.0
183b1a5850ddda1c49a72d26,2574709.0,2575654.0,600.0,50.0,945.0
7b8fb9ec6f3abbed471eade2,2575212.0,2641173.0,600.0,50.0,65961.0
5ce6d0701bda56123fe94535,2576337.0,2597274.0,600.0,25.0,20937.0
09838c46662ce259e088ff5f,2581377.0,2582733.0,600.0,0.0,1356.0
85b68d91ca5699aa4ee458ff,2584526.0,2587169.0,400.0,25.0,2643.0
b7686d42ce9dfaee62ab8667,2585518.0,2608842.0,1800.0,100.0,23324.0
302e19d0325e73a5e19b56e0,2587251.0,2587292.0,600.0,100.0,41.0
d5661ef2e666ca9489b89d09,2587993.0,2588084.0,600.0,100.0,91.0
87469c02238057fd8e1e2e73,2594272.0,2595158.0,600.0,0.0,886.0
72092a00032d5f2162106bea,2594955.0,2598787.0,600.0,25.0,3832.0
87143cf6c97e5b598b6418be,2596027.0,2596571.0,600.0,0.0,544.0
454296bc58d67d2a15bc0e0b,2596147.0,2597794.0,50.0,100.0,1647.0
09a142fd69e2fe78e9aa7380,2600816.0,2601252.0,600.0,50.0,436.0
f9cbc48b089a39c2e3141298,2607292.0,2607559.0,600.0,100.0,267.0
e03f7e506367f77d6b4a6305,2607991.0,2614258.0,1800.0,100.0,6267.0
cfb685043c1ca84282c0da13,2607993.0,2619952.0,1800.0,100.0,11959.0
8803d00a3431558ba692ade7,2607993.0,2617005.0,1800.0,100.0,9012.0
90d2b129038a7b2dd126979c,2610231.0,2610869.0,600.0,100.0,638.0
6d36f286d14c8b4c2de7baad,2612471.0,2612515.0,600.0,100.0,44.0
28d00058fe8207b194d7465c,2615391.0,2615466.0,600.0,100.0,75.0
0608081f2f763ae51542eefe,2616066.0,2627039.0,500.0,50.0,10973.0
d68bc0aed66172baa1d093b2,2618524.0,2619381.0,800.0,50.0,857.0
158dd0bb97f797075f7142ff,2629122.0,2629226.0,600.0,100.0,104.0
cbc269f5b9e3a8dcd826f1cd,2630321.0,2630345.0,600.0,100.0,24.0
185ed3da195d992125fe6a76,2642127.0,2642552.0,600.0,0.0,425.0
8af05c10868362c662d402d8,2651453.0,2651601.0,600.0,50.0,148.0
3c042c8a837ff9febab9df5a,2652746.0,2653624.0,600.0,100.0,878.0
45e2f13b10950812f9cdf059,2653199.0,2663425.0,600.0,0.0,10226.0
bc6a6b74eb73912202731af4,2653469.0,2676854.0,1600.0,100.0,23385.0
d55ef7e92211d9fb74b1d75b,2655914.0,2656451.0,600.0,100.0,537.0
abbe8a2a8cf3154da54e87ca,2657858.0,2658163.0,600.0,0.0,305.0
ecf51257dda7c2a25c3410a8,2658748.0,2659162.0,100.0,100.0,414.0
0f1028c0abf1f3c370970458,2659105.0,2659824.0,600.0,50.0,719.0
d61194f2d1963ab4d757454b,2659837.0,2670540.0,1000.0,0.0,10703.0
d0419032eca27ba7bd255273,2661999.0,2662147.0,100.0,0.0,148.0
fc505f3d412f92f454f30892,2664394.0,2668999.0,600.0,25.0,4605.0
dd325c031279f10d954bdb4e,2664537.0,2666373.0,600.0,25.0,1836.0
cce6f00bd3455066b4a09529,2665987.0,2666556.0,600.0,25.0,569.0
eb68da34736c46ce791e8e51,2666569.0,2669158.0,600.0,0.0,2589.0
4f72da5ce6423c5e2c13b203,2669135.0,2669212.0,400.0,100.0,77.0
25a621200447fe24760e9cb4,2673290.0,2673331.0,400.0,100.0,41.0
d25091668a210273ed8bbc93,2674900.0,2683488.0,20.0,10.0,8588.0
b2e6cf7ffd9f31dd7cd6a7ca,2676051.0,2691465.0,600.0,25.0,15414.0
cad255a2424cdfc3d6563e9e,2677528.0,2677572.0,600.0,100.0,44.0
669f9c99be2c7195eda56396,2677711.0,2677735.0,600.0,100.0,24.0
bc031dddee55edd4f23d1d5f,2680647.0,2681041.0,600.0,0.0,394.0
d4275585595b96e0edebcae4,2686843.0,2687293.0,600.0,100.0,450.0
400980ffa36754af6f62e90f,2692529.0,2692996.0,600.0,50.0,467.0
44440a2021a6f090189a9344,2695204.0,2697601.0,100.0,0.0,2397.0
14ca8edfae5abf0a83f1ab1e,2695327.0,2695377.0,600.0,100.0,50.0
36ec89155305398a20296404,2701983.0,2702539.0,600.0,25.0,556.0
f6d97d9552b307eff350748e,2703651.0,2704737.0,600.0,25.0,1086.0
ef89ec1bcb76586142f25dd2,2704462.0,2704738.0,600.0,100.0,276.0
03ad9893a12067dd8842015b,2706181.0,2717824.0,600.0,25.0,11643.0
10d92563a979e1f1a0459904,2720569.0,2729353.0,600.0,50.0,8784.0
6e43195f971e5726878f7fdf,2729967.0,2759282.0,20.0,10.0,29315.0
b54469320b4c2659d01d8f0d,2729996.0,2764308.0,20.0,10.0,34312.0
19fba6521e1ef146ee8245cf,2732429.0,2737145.0,600.0,25.0,4716.0
36aa65ae37f9cb41b6838d8d,2732965.0,2732989.0,600.0,100.0,24.0
71ea057d2dee00e062401fe1,2734171.0,2735153.0,200.0,20.0,982.0
3ea6d8e0ef9c4d18e15c8470,2736348.0,2738298.0,600.0,100.0,1950.0
7cac722075debc1d85301711,2736541.0,2736595.0,600.0,100.0,54.0
37dadcc8250fae97e21c38b2,2741064.0,2741230.0,200.0,0.0,166.0
556083460b83e671d751ac0a,2741453.0,2741502.0,600.0,5.0,49.0
11974698a58dcc066a3916e7,2744662.0,2747846.0,600.0,10.0,3184.0
7940dc67394a53e038d97c34,2754842.0,2755265.0,600.0,100.0,423.0
3f6e32003f3a5fb68515655f,2756530.0,2762663.0,600.0,50.0,6133.0
8ff1f185b2f90028f756fa90,2756939.0,2788974.0,100.0,0.0,32035.0
2bebeae79821b6a4f7bfbf3e,2758801.0,2773077.0,600.0,100.0,14276.0
0d64765deacbe701c6535d19,2768364.0,2777709.0,600.0,25.0,9345.0
533d93878bdf541d177465e9,2769163.0,2772925.0,400.0,25.0,3762.0
6811391d68a23e9cf8ce9b10,2770490.0,2771153.0,600.0,25.0,663.0
5f0809d08fc7d375e14fa7a5,2778327.0,2778735.0,600.0,25.0,408.0
8726accddffbdc0387c328fd,2779701.0,2781043.0,600.0,100.0,1342.0
12edc7fbe2f7ed1ea13b2b46,2780001.0,2787371.0,600.0,0.0,7370.0
f42cf7f13ded6244c5334a74,2780261.0,2781095.0,200.0,0.0,834.0
987a236bd06007f9088be285,2786364.0,2795261.0,1000.0,15.0,8897.0
9ca3ab78a0c7475a704bfe83,2787508.0,2792488.0,600.0,0.0,4980.0
0eac911db16ccf04d5e01e66,2787745.0,2791869.0,600.0,100.0,4124.0
c295c630e77c94ea0bfb109e,2789367.0,2789731.0,1000.0,50.0,364.0
5b4c7561e5ec48e0c3b0a529,2789371.0,2790007.0,300.0,25.0,636.0
55491b137153595f3948addb,2789678.0,2790641.0,200.0,0.0,963.0
df33c0c4b76d46e930d2afc1,2792092.0,2792358.0,600.0,0.0,266.0
0d3928caad3bc0bc6a2e83ad,2795304.0,2795384.0,800.0,50.0,80.0
c32cc544e1ac807e596d2077,2795511.0,2795567.0,600.0,0.0,56.0
1df49b62489ca5cacdeab340,2797571.0,2810892.0,200.0,25.0,13321.0
2b9322f0ac7bfb89bca7ca8f,2800310.0,2804677.0,600.0,10.0,4367.0
68bf697bed1c909a456da910,2800395.0,2804533.0,600.0,10.0,4138.0
232b18f32e4606c63764a56a,2800571.0,2800861.0,600.0,100.0,290.0
802ed542f3c271c2fbe61212,2800647.0,2805051.0,600.0,10.0,4404.0
8d5ebdefffe4460cf52158af,2800769.0,2801103.0,1000.0,50.0,334.0
9adca852d5d36a1320a6c3ee,2805204.0,2805252.0,600.0,25.0,48.0
9b46fd3dd6cd3f68497670f5,2805425.0,2895904.0,800.0,100.0,90479.0
ec6f635a944072d38650de96,2808220.0,2808273.0,100.0,100.0,53.0
0551a291664101191242ae3c,2808336.0,2810403.0,600.0,100.0,2067.0
9497de5e147dab8faf421519,2810507.0,2810820.0,1000.0,50.0,313.0
ebad876c519fa62bd783c0e7,2812018.0,2841478.0,1800.0,100.0,29460.0
50346f97f3ffabf877a0e51a,2819807.0,2819852.0,600.0,100.0,45.0
0d00fedc897ea65ff5172d8d,2820060.0,2826810.0,600.0,100.0,6750.0
cdae7407033ca24212aec67b,2821317.0,2821378.0,600.0,5.0,61.0
09a02a7673d9b0d9e6cd1d1a,2824859.0,2825208.0,600.0,100.0,349.0
90cbc202074c118c037614f2,2826700.0,2827408.0,600.0,100.0,708.0
0557cdd0dfe39c46a41369cd,2829404.0,2830548.0,600.0,50.0,1144.0
ce81a322aaf27c6ccc6bb82f,2830544.0,2830729.0,600.0,100.0,185.0
894080776f6f968b5d20c19f,2834285.0,2836386.0,600.0,100.0,2101.0
3b69d9638f5aa108a02741a9,2835983.0,2838595.0,600.0,100.0,2612.0
0a8d9b1d5e9df69daf67e237,2837079.0,2860381.0,600.0,25.0,23302.0
57acd52d03d69178c7456291,2845586.0,2846739.0,600.0,100.0,1153.0
e999bf31174e23bbf8b6c75b,2855009.0,2868722.0,600.0,25.0,13713.0
6e7542ce7627e84219f66740,2856423.0,2859433.0,600.0,0.0,3010.0
5764c8f645eb622d98fa425a,2858710.0,2860361.0,600.0,100.0,1651.0
7daa6adeb0469e8c39577835,2859201.0,2863975.0,600.0,25.0,4774.0
408af3dc9f99d8adc113a29c,2861127.0,2863908.0,600.0,50.0,2781.0
6403e345ebb6c4cd6c134f84,2861160.0,2861294.0,1800.0,200.0,134.0
a0f226b1ffb7e5f950d664b0,2862694.0,2863932.0,1800.0,100.0,1238.0
f05f483f31d22703a7bf9d26,2863057.0,2886055.0,600.0,100.0,22998.0
e0e29270e8aba4025b300d1e,2865691.0,2887529.0,100.0,0.0,21838.0
bb6143c815524ae11857b7b2,2866642.0,2866741.0,600.0,100.0,99.0
b026ff14b57b69994d8a8b23,2867275.0,2868669.0,600.0,25.0,1394.0
9ab1bc7b876aafa1f171900a,2869974.0,2870332.0,600.0,25.0,358.0
62e61a87983d6c8672ac1ee0,2871311.0,2871369.0,600.0,100.0,58.0
6cb8e465254299f42342cf5a,2871673.0,2872269.0,400.0,20.0,596.0
21fc97ebaa83c80adf8fab2b,2876024.0,2876621.0,600.0,25.0,597.0
6906dfda6a4505f91692e776,2876728.0,2906174.0,1800.0,100.0,29446.0
1a48d06a23710605d5b022f0,2880146.0,2880210.0,600.0,25.0,64.0
a7c55e46a801b83e7abc4262,2880652.0,2881037.0,200.0,0.0,385.0
901985c55073402639f8c3d1,2887236.0,2888363.0,1800.0,100.0,1127.0
308cf1c822b544274b8e56a9,2890254.0,2891372.0,1800.0,100.0,1118.0
10a841dfaece515b4b9ed2f2,2890277.0,2892199.0,1800.0,100.0,1922.0
fac4de10adc100058d5e9f87,2895984.0,2898640.0,600.0,100.0,2656.0
50058ed8f1af44c7e24fbc04,2899468.0,2899672.0,600.0,100.0,204.0
293b3fa1fa4430edda4f13eb,2900698.0,2900860.0,600.0,0.0,162.0
4381c20a8cd46a4d0d10fcd0,2909964.0,2910122.0,600.0,50.0,158.0
6f247d1be962af63b414eefb,2912913.0,2913087.0,600.0,50.0,174.0
b5ee66ea28d9ac3f6c37f7c7,2919720.0,2920052.0,600.0,100.0,332.0
7164cc29db167f85ac916f7f,2927826.0,2928271.0,600.0,0.0,445.0
9e076a75cc731d7dd68bd15d,2927968.0,2928952.0,600.0,100.0,984.0
8abe47f2a5c0d173d3be78ca,2928033.0,2930323.0,600.0,100.0,2290.0
57e5102810c92d1f9cb6d3c2,2928137.0,2930782.0,600.0,100.0,2645.0
b38a654713f3130a678cee02,2929690.0,2929725.0,100.0,0.0,35.0
d417e0e589406dd66e947254,2934118.0,2934181.0,600.0,0.0,63.0
c1564050399d4d409f7b7104,2935638.0,2940735.0,600.0,100.0,5097.0
be2f74e6ee39d87aef8ced33,2939120.0,2939327.0,600.0,100.0,207.0
af5f832b64843ede96dc2d8f,2947678.0,2947889.0,600.0,100.0,211.0
11607b7fbfeac38b1720f7eb,2949547.0,2969855.0,1800.0,100.0,20308.0
90ae3f7b61b442e2f6a7b8ba,2949933.0,2951460.0,400.0,25.0,1527.0
96561cbd4121b06f5daeb38d,2953869.0,2958812.0,600.0,100.0,4943.0
6eabab41b1901dcb1d2136e9,2955411.0,2955561.0,600.0,100.0,150.0
97ebf723b8a6a20e190a3c96,2955854.0,2956386.0,1800.0,100.0,532.0
78f19dedeab2bcd86bd92d3e,2955859.0,2957380.0,1800.0,100.0,1521.0
28d1cf77e3142f3075d9886a,2961026.0,2961393.0,1000.0,50.0,367.0
2cfef3f5336d09b8f21463ad,2962311.0,2962462.0,600.0,25.0,151.0
d271643d13ee92cdebf8fab3,2962560.0,2962724.0,600.0,100.0,164.0
01a4c6f67f043a339b0297e3,2964185.0,2964521.0,1000.0,50.0,336.0
ee9541c14e8e5918aa3be14a,2964384.0,2964419.0,200.0,0.0,35.0
e479b9c9f92f4164ac090ce0,2967151.0,2967567.0,600.0,100.0,416.0
ef76f16e1077b1af8bde8a19,2967191.0,2967494.0,1000.0,50.0,303.0
be891f789bfe684cef2c655a,2969926.0,2973258.0,600.0,100.0,3332.0
0221852db0d38e6953ef29d3,2971161.0,2971427.0,600.0,100.0,266.0
2c62a4a6d4338b916ea57245,2973713.0,2974054.0,600.0,100.0,341.0
dc628e7fd38433fad4831296,2973899.0,2977033.0,600.0,10.0,3134.0
d0f9a68ce68cf1ca6df0868e,2974421.0,2974691.0,100.0,0.0,270.0
41cef949ebf1173b2b248753,2979329.0,2979407.0,600.0,100.0,78.0
0dcde5534627323616849590,2979854.0,2982089.0,600.0,25.0,2235.0
5afd2a9784d80c2f37e1e7a0,2980008.0,2980148.0,100.0,100.0,140.0
5ac7f0114ab3813802040655,2980344.0,2981389.0,1000.0,100.0,1045.0
25913f9c44507f79d0a64a47,2984518.0,2984929.0,600.0,25.0,411.0
89de1220ab8ab949850675ce,2985701.0,2988012.0,600.0,100.0,2311.0
c571a92331585827071037d0,2989458.0,2989665.0,600.0,100.0,207.0
5a5797066a9b1a753807045d,2996887.0,2997029.0,50.0,500.0,142.0
aa6b61a2503e04de50444d02,2997164.0,2997768.0,600.0,0.0,604.0
62a4aa7af2db9060617f06b5,2999910.0,3001744.0,1200.0,10.0,1834.0
567523846c7f31dc058b530f,3000660.0,3005558.0,600.0,10.0,4898.0
7b250fbfdb47113f38911edb,3000916.0,3001273.0,600.0,50.0,357.0
143869d272f379f0c013882b,3002387.0,3006453.0,600.0,10.0,4066.0
faaf5ea86487e51951012d56,3004353.0,3006096.0,600.0,50.0,1743.0
b5d708a6f5e40335d70690ae,3005610.0,3031706.0,600.0,25.0,26096.0
332d4db43f49283bcc364a38,3006859.0,3008415.0,100.0,100.0,1556.0
92a8775b4fa55826eb43537b,3007905.0,3007998.0,600.0,25.0,93.0
59f3694aa0dd5451b2298e9e,3008743.0,3009787.0,600.0,25.0,1044.0
df8cc22afd633f1bc3d96ddb,3009354.0,3015767.0,600.0,100.0,6413.0
e096bb6266169542fd84a450,3017476.0,3018132.0,600.0,100.0,656.0
147b67f9d01329b7580c0c52,3023706.0,3024837.0,600.0,0.0,1131.0
1958fb569e275caca295724b,3024035.0,3024344.0,1000.0,50.0,309.0
2f59d0c03de2ee46a14e1f19,3032508.0,3033277.0,100.0,0.0,769.0
e28a97954a2df09e23960618,3032969.0,3035184.0,600.0,50.0,2215.0
3ae2c0ee73cb0d6505541b5c,3033013.0,3034828.0,600.0,0.0,1815.0
bdd742c2ab09f4a9ea4e6b05,3033214.0,3035011.0,600.0,50.0,1797.0
d06c1acc0118e84d205d4e48,3034987.0,3035081.0,2000.0,100.0,94.0
0f6186b5fbb5760a72a07c62,3035638.0,3035910.0,600.0,0.0,272.0
fab51ea1c6144420bb56f850,3036299.0,3036566.0,600.0,100.0,267.0
2385aab8410cebc2ecc72b23,3036470.0,3044771.0,600.0,25.0,8301.0
f7aa03a8eb630c7ecebc4da5,3041207.0,3041504.0,600.0,100.0,297.0
e11701e33f0e71595ec330c7,3043737.0,3056352.0,1800.0,100.0,12615.0
66cd00c92501103c2bc460e2,3045178.0,3045425.0,600.0,100.0,247.0
d410943f542acbe1d5fb5fdb,3046860.0,3047095.0,600.0,100.0,235.0
631eedc92dae1545bfcf6f97,3047172.0,3064945.0,600.0,50.0,17773.0
66373c84dc70fa0ec7842745,3047656.0,3048395.0,600.0,100.0,739.0
11c32d5cbb49427ff38e068e,3047788.0,3047822.0,600.0,0.0,34.0
e53ae04be2102bc695268772,3047812.0,3048248.0,600.0,50.0,436.0
bc70be75768b615e05c605d0,3053013.0,3056052.0,1800.0,100.0,3039.0
2f8cbfdcda566121091488aa,3053629.0,3053657.0,100.0,25.0,28.0
238adee6a579335c6ad0c0da,3054748.0,3054966.0,100.0,0.0,218.0
6b97fcd3150a9f8b65422300,3060492.0,3060509.0,600.0,0.0,17.0
0fd586bf3a7ebe6c324bc7bf,3060946.0,3061294.0,1000.0,50.0,348.0
86fb3a28b9b353c06018d23a,3061504.0,3061567.0,200.0,0.0,63.0
54d513cdb7a6f0c06c8b9b1c,3062963.0,3063019.0,600.0,100.0,56.0
01504478c83a4fcd1d5c915f,3065918.0,3066257.0,600.0,0.0,339.0
e726de24ed5179f9ab9175c7,3067763.0,3069513.0,1000.0,100.0,1750.0
cd7a81a712500b6baf6e02aa,3070050.0,3077386.0,600.0,100.0,7336.0
6c387bfe4ee9165edfbceedb,3071337.0,3072295.0,600.0,100.0,958.0
0bea135d72fbbbc9d17c9e12,3075296.0,3075932.0,600.0,50.0,636.0
b77d1ec406033131e049fe75,3076656.0,3076851.0,600.0,100.0,195.0
fa22bcb1cd821ea862f8f293,3080988.0,3083384.0,600.0,25.0,2396.0
f46fc827e9392b294a49f433,3087617.0,3092917.0,1200.0,10.0,5300.0
b2bc7dae67e83ebe20a8cd2d,3090803.0,3091058.0,600.0,0.0,255.0
f227d2942e29c38fd0fc30e4,3092414.0,3092627.0,600.0,50.0,213.0
255dc3096864b949c4eaed5f,3096050.0,3096147.0,600.0,100.0,97.0
b8650ea7c4fb37f9b1f227bd,3101051.0,3101262.0,600.0,50.0,211.0
14cbeceb571a719a4aedf03d,3110522.0,3110592.0,600.0,100.0,70.0
2bba75069e4ed5a786c96f3b,3112679.0,3134823.0,600.0,50.0,22144.0
bacae1c91966c0030b51ce40,3115060.0,3119472.0,800.0,0.0,4412.0
63ae2dc4af0001da642b1d81,3117673.0,3120733.0,1800.0,100.0,3060.0
20f377582fd997447bdadd00,3118608.0,3118979.0,1000.0,50.0,371.0
ab4bfcb0e39be4a799470b1c,3120714.0,3153174.0,1200.0,100.0,32460.0
e0d33494920fdb18d4974673,3121194.0,3171246.0,1000.0,0.0,50052.0
fe95e1175b0f51c8a0e6ad00,3125112.0,3126007.0,600.0,0.0,895.0
63b67c879f6f47f87276ced8,3136907.0,3141173.0,1800.0,100.0,4266.0
1bf17ff77568ee1e29539343,3137164.0,3137341.0,600.0,0.0,177.0
137351ed061dbb2999654f6d,3137255.0,3137642.0,1000.0,50.0,387.0
b3a4e6f65070adaea07626d2,3138840.0,3140576.0,600.0,0.0,1736.0
9ba8083652e6dc6d58045eae,3139163.0,3142380.0,600.0,0.0,3217.0
e9eef4160553114e3338a493,3140180.0,3140785.0,800.0,50.0,605.0
c2b099b71062a5e504cdb1fe,3141000.0,3141029.0,600.0,25.0,29.0
adf76d4c0a4e34406f584379,3142414.0,3142518.0,600.0,0.0,104.0
101ebf641e8d4eef2e1aa599,3142750.0,3338453.0,600.0,100.0,195703.0
d68304f4d6cbd5143ccb174d,3144934.0,3145788.0,200.0,25.0,854.0
8352f99ae40ae66c1702a910,3145923.0,3145959.0,600.0,100.0,36.0
40ad2e566b96d621e35a804b,3151977.0,3152011.0,600.0,25.0,34.0
b8ec6e479bb0dab39405829f,3154426.0,3157272.0,600.0,10.0,2846.0
aeadc1588344ac523af5b065,3154611.0,3154647.0,600.0,5.0,36.0
00ff5a77794e66646b961ab2,3154975.0,3158599.0,600.0,10.0,3624.0
8ab79568c6e9ebecf4a63212,3156388.0,3164946.0,1800.0,20.0,8558.0
2a1622bee7afb77683c1bc7d,3156496.0,3156571.0,600.0,100.0,75.0
995b0c8cc2cd30ad14606636,3156692.0,3157508.0,600.0,25.0,816.0
5b6541be922e3e6ec42b08bc,3157113.0,3157227.0,600.0,25.0,114.0
9ed98db8552248dfa30ad28c,3157286.0,3157324.0,600.0,100.0,38.0
b229ae32aeb034360fee4746,3159927.0,3395282.0,600.0,50.0,235355.0
ea3f391bd3815a8ad800bbd4,3168461.0,3205261.0,600.0,25.0,36800.0
ba8eb1d2f1dbc24a052bc7c1,3170451.0,3170806.0,600.0,100.0,355.0
da56ca7534a323855f0100d2,3171025.0,3171577.0,600.0,200.0,552.0
9c403f9ecc24eb3461b22402,3171205.0,3171424.0,600.0,50.0,219.0
9e9517204cad4fe9e69ea50f,3171367.0,3171421.0,600.0,100.0,54.0
5a21296e7c03fc6fa1f2e377,3174402.0,3174455.0,600.0,0.0,53.0
4cc5a0c98e0ce06dfde736e3,3177473.0,3188526.0,600.0,25.0,11053.0
731cc9014df831e13306785a,3181010.0,3184203.0,600.0,100.0,3193.0
6f8ac83c2e9cbb71098e795a,3183460.0,3183578.0,600.0,25.0,118.0
91d36695399743f9f09d1942,3187105.0,3187142.0,600.0,10.0,37.0
81c3c235ba9c6ddf60a7a7b0,3187879.0,3195432.0,600.0,25.0,7553.0
f75874a63504d5f68379f406,3189206.0,3189240.0,600.0,10.0,34.0
e864abb0fb0223921c9eadcf,3197314.0,3210129.0,600.0,100.0,12815.0
41da5cdf110d7b812bcb1d22,3209983.0,3210631.0,600.0,25.0,648.0
4063252bc323e4e4425a60ff,3211344.0,3211397.0,600.0,100.0,53.0
e6c707919d1d2fea67581bad,3211599.0,3211865.0,300.0,25.0,266.0
757d63185ad98e96f359cc10,3212320.0,3212566.0,600.0,100.0,246.0
9a66a9afb5ddc7b1b312d9ef,3221225.0,3221264.0,600.0,100.0,39.0
5cc6d2abb5c3d30ad35ed3a2,3221890.0,3224644.0,400.0,50.0,2754.0
4b5d3f939d208e3142a27816,3224405.0,3224581.0,600.0,0.0,176.0
93761a50fe6389cd38ddc33c,3229267.0,3229674.0,600.0,25.0,407.0
978e6305079762069e02e6d6,3232182.0,3240859.0,600.0,10.0,8677.0
3cdddac281e5ca452d236dcf,3232457.0,3232653.0,600.0,0.0,196.0
b5a49fd7a4f8d2a66c89bf92,3234036.0,3234104.0,600.0,100.0,68.0
96970b26bbdc04bb5b8fbfc3,3239924.0,3239959.0,200.0,0.0,35.0
39b70299b47684f3cd8422e3,3255388.0,3257297.0,600.0,10.0,1909.0
f2175fe874d538ea9c0dad95,3260160.0,3262487.0,600.0,10.0,2327.0
64b195d3a53388dc5fd1b28c,3260234.0,3260612.0,100.0,100.0,378.0
45941437fc5bfb460a557f0b,3265794.0,3266017.0,600.0,5.0,223.0
866c6bd39ee210a507fa6d47,3273017.0,3274442.0,2000.0,100.0,1425.0
607200c9dc301cac80e3b685,3277133.0,3288399.0,600.0,25.0,11266.0
038b9bc04f4d2e0c3c4e63fa,3279107.0,3279612.0,600.0,0.0,505.0
12349e40fac2c6f93b4aaa18,3280221.0,3280576.0,300.0,25.0,355.0
3b60ecb907c212c5e1f4e745,3283969.0,3285207.0,600.0,0.0,1238.0
9e6418e448cddf91fccdd513,3284739.0,3304528.0,400.0,25.0,19789.0
567e040e1e146a37c6dcd458,3286235.0,3286248.0,100.0,0.0,13.0
30c1d5769de1e680cc637612,3286981.0,3292349.0,600.0,25.0,5368.0
077e836411e6a770dffdaeaf,3288242.0,3326666.0,300.0,50.0,38424.0
9c1bd9d0be949d6ebe186731,3288379.0,3288407.0,600.0,100.0,28.0
c3cf848432d6a5a4d460af57,3295255.0,3295393.0,600.0,100.0,138.0
3f4e16469ebfed41130f2676,3296642.0,3297956.0,600.0,0.0,1314.0
bb6780ae065f116a73d7d231,3297291.0,3297399.0,600.0,100.0,108.0
3ab9a01c80c6344ba828c79f,3297983.0,3298017.0,200.0,0.0,34.0
059b06206db6b23d3fdf621a,3299558.0,3302970.0,1800.0,100.0,3412.0
6712c774bf98207395836f71,3299782.0,3344117.0,1800.0,100.0,44335.0
83dfed911454faa88425bb20,3303102.0,3305206.0,600.0,0.0,2104.0
a743bfc7e0f815b90263bd87,3317505.0,3330026.0,600.0,10.0,12521.0
bbb334804ac0b6da32ef9c61,3318837.0,3323173.0,600.0,10.0,4336.0
d7462de5bb62c07d1315d400,3322788.0,3323374.0,1000.0,50.0,586.0
4ca11b19543f7db673436453,3330586.0,3335948.0,600.0,100.0,5362.0
d47811b795e617951d020058,3333122.0,3336897.0,200.0,0.0,3775.0
feed1edfddf196346b06db5b,3339215.0,3339303.0,600.0,100.0,88.0
f0afd6724adb9fbbbf94b405,3343776.0,3350448.0,100.0,0.0,6672.0
a7369d03d9b75d0de9477bad,3346078.0,3350768.0,600.0,10.0,4690.0
f7fcbe7e859a327124fb21cb,3355091.0,3374720.0,600.0,25.0,19629.0
2d6df242ab8978a3f9302224,3358882.0,3359148.0,600.0,50.0,266.0
f7c62dbda50774fae53dd16b,3361456.0,3361641.0,600.0,50.0,185.0
3c3b0aa71cc8f60ad6a39282,3371510.0,3372171.0,100.0,0.0,661.0
d43c252f6c0d994fd051128c,3374223.0,3374286.0,600.0,0.0,63.0
dd8ea188ff1828a560514b72,3377273.0,3377590.0,600.0,25.0,317.0
ab9e31b52cf571ebb34d5dde,3380601.0,3384615.0,600.0,100.0,4014.0
4536aaee212e8128db253ef9,3381132.0,3381160.0,600.0,100.0,28.0
f14f065efec0c42a0dee3c34,3381580.0,3400645.0,3200.0,100.0,19065.0
7a2196b921c79d36233b2fff,3383440.0,3383530.0,600.0,100.0,90.0
12f71d9d223f6b11bb1dc886,3384060.0,3384437.0,600.0,50.0,377.0
7b1916999fc6c5bf3d4e437f,3384949.0,3385690.0,600.0,50.0,741.0
418151e25321be4e50a1bd7f,3387692.0,3390849.0,1800.0,100.0,3157.0
9f017ed60474001542214140,3387693.0,3393099.0,1800.0,100.0,5406.0
5650ae0299c7f174187a5507,3388860.0,3389133.0,600.0,25.0,273.0
afe0769e231604ba99b51563,3392787.0,3394824.0,600.0,100.0,2037.0
6ff5ccb47e5c17b072a82a61,3393045.0,3393100.0,600.0,0.0,55.0
55075aeaf24693a4eac5fb64,3393072.0,3407535.0,600.0,25.0,14463.0
f495a711b9228eb7d40e788c,3395060.0,3395676.0,600.0,0.0,616.0
aa6b70c89f223c4c01c40566,3396333.0,3397940.0,600.0,0.0,1607.0
251278f770eefb0d4c922375,3398535.0,3398593.0,600.0,100.0,58.0
bcc6ded1f0c92182de4b0ae4,3399967.0,3400065.0,600.0,100.0,98.0
38380cc328ddc88bcac38617,3402156.0,3402217.0,600.0,0.0,61.0
7c796665c7975ddff90f2227,3402327.0,3402366.0,600.0,50.0,39.0
e69d865f484e0788bd57d3e3,3403232.0,3403677.0,600.0,25.0,445.0
c03789538f8920a6c4af3ca7,3407047.0,3408716.0,600.0,50.0,1669.0
90945ebb5cfe93917905ae58,3411648.0,3411771.0,600.0,0.0,123.0
7b2e55d7c0c32f0070d02435,3415671.0,3417198.0,1800.0,100.0,1527.0
4d863cceb2e719ea00246221,3415892.0,3430334.0,600.0,0.0,14442.0
0f7f00e2365b2278c4570c11,3416745.0,3417242.0,600.0,100.0,497.0
0222db2d72b5859b3f181167,3420254.0,3420468.0,600.0,100.0,214.0
00a627acf201e0b633ce5e84,3422432.0,3422557.0,600.0,0.0,125.0
fe46fc0099ada25e472c2066,3432820.0,3436112.0,600.0,10.0,3292.0
b50e9130c84d010b89a2c1df,3438438.0,3440250.0,600.0,100.0,1812.0
70ddf004cc2c978cd08c04ef,3443145.0,3463423.0,600.0,25.0,20278.0
e42a7cbeb3aa7c762293adf3,3443749.0,3444075.0,600.0,25.0,326.0
556562cd886f38040e647c7e,3443859.0,3443920.0,600.0,100.0,61.0
195aeeb0ed8ecfa9fff64004,3457076.0,3457436.0,1000.0,50.0,360.0
83e8f4b84f4187bfbd7a4964,3458468.0,3759643.0,600.0,0.0,301175.0
261017a00c98c4fa077a1a77,3460169.0,3463009.0,600.0,25.0,2840.0
7a5189897c6094708358400f,3463526.0,3464935.0,600.0,50.0,1409.0
2fc941c8c4608c1a5163cc6b,3468619.0,3472392.0,600.0,25.0,3773.0
acb08f42a128849b3a0b88c6,3469057.0,3469168.0,50.0,100.0,111.0
266084c325a1456fc6afbfbf,3469660.0,3469684.0,600.0,50.0,24.0
06371fda73089d6b2f9dadbf,3472239.0,3472543.0,600.0,25.0,304.0
5c7176f1204dd4dfafaf510f,3472551.0,3472724.0,800.0,50.0,173.0
fee8be8f4056991d69c909b5,3478224.0,3479546.0,600.0,100.0,1322.0
d4e1756270188ff984ffacea,3478277.0,3479716.0,600.0,100.0,1439.0
162a38f54a57f427b57c4b60,3479217.0,3488813.0,600.0,0.0,9596.0
12ecc2c8ab24cc0abe18456a,3479495.0,3481459.0,600.0,50.0,1964.0
7f776fda9267fd581aea303c,3481303.0,3487614.0,1800.0,100.0,6311.0
b8d972f4a059499fc3c8d1c6,3485520.0,3485613.0,600.0,25.0,93.0
b96059dddc96b165964fe6ea,3487889.0,3489029.0,600.0,100.0,1140.0
24d05845cdfb9462ab3a1b71,3487991.0,3489685.0,600.0,100.0,1694.0
e7d91880ed53fd81a5fb981f,3491899.0,3494581.0,600.0,50.0,2682.0
fe548e0bb858bc0969b6021c,3497187.0,3497211.0,600.0,50.0,24.0
dd7f766eaca8e1affe47167d,3498551.0,3503640.0,20.0,10.0,5089.0
733891e7e3c9384608b5f3ff,3498978.0,3499626.0,600.0,50.0,648.0
75adb11327900d753e4ad597,3500389.0,3500745.0,600.0,25.0,356.0
4ba8d282c94ddee4f52582ed,3504818.0,3506702.0,1800.0,100.0,1884.0
e63430e4da03362c2ac5ec9f,3509964.0,3516923.0,600.0,10.0,6959.0
e2a36633df3de2a8ce563b05,3510640.0,3545551.0,600.0,0.0,34911.0
a709f178fb2210763f71552b,3514093.0,3514141.0,600.0,5.0,48.0
e5c20cfaee9a65007169c7fd,3516189.0,3516755.0,600.0,100.0,566.0
48f091876a796d05883198cf,3517722.0,3519998.0,600.0,100.0,2276.0
708789d4cd847443954c2a66,3517878.0,3554338.0,600.0,0.0,36460.0
41e371d6f7df5e51e9e05e62,3517934.0,3521408.0,600.0,10.0,3474.0
d8413ad4b46d6165d200e173,3532843.0,3533629.0,600.0,25.0,786.0
d35851c587631a452dccb703,3537482.0,3537512.0,600.0,100.0,30.0
e51b23ce0025b9232338e41a,3541937.0,3541972.0,600.0,10.0,35.0
3716d0dd5dc58322a0675fcf,3545180.0,3545312.0,600.0,100.0,132.0
59d85c5c9c23359e17bf0231,3546404.0,3546467.0,600.0,100.0,63.0
34667342ddf14fa70dbc5d3f,3551013.0,3565370.0,600.0,100.0,14357.0
27f4bc4a87f7f939040403f8,3551339.0,3551545.0,600.0,100.0,206.0
70f98b9731a5715d4ed11aa7,3551340.0,3551789.0,600.0,100.0,449.0
4030a4b0fbd0b291874e6793,3557321.0,3557394.0,200.0,0.0,73.0
a8f881b555916d3d173f1ad6,3557520.0,3563931.0,1800.0,100.0,6411.0
d0bfe58991e050d9f467c161,3558508.0,3558834.0,600.0,100.0,326.0
c0601d400b98aaad802ccba0,3562868.0,3563105.0,600.0,100.0,237.0
c16776dd6856187ecb6f2896,3564966.0,3565186.0,600.0,100.0,220.0
4519514610da71ffeee467e0,3568924.0,3572556.0,200.0,100.0,3632.0
a3849919132ebaedfac1e238,3573269.0,3573305.0,600.0,100.0,36.0
80b0dd5a7c6aa9ecb2461ffe,3576646.0,3579268.0,600.0,10.0,2622.0
208937ffd6c9265334305435,3582588.0,3598930.0,3200.0,100.0,16342.0
89811ab8ddd0c5f1ad0f8ef7,3583799.0,3596659.0,1800.0,100.0,12860.0
986809cc33b26fd5f431c1c6,3588666.0,3589526.0,20.0,10.0,860.0
9cf382542523e84df94d722e,3590706.0,3591425.0,600.0,25.0,719.0
1e9263ce83d0e83ac288af18,3596200.0,3613415.0,600.0,10.0,17215.0
40080ff0aefa6b8290e43508,3597046.0,3597406.0,600.0,100.0,360.0
d5ccbea71965206cc4182d06,3597779.0,3597862.0,200.0,0.0,83.0
bf7b54d7aa633f8e91474956,3598037.0,3619106.0,20.0,10.0,21069.0
df0ef692e37e77a67c4ff050,3600993.0,3601408.0,100.0,25.0,415.0
05912b10f1884c6a161f2edb,3602716.0,3602751.0,600.0,5.0,35.0
acc347f689f4a947fae5f213,3606141.0,3610523.0,600.0,10.0,4382.0
94f872b3522741e84e20dbe7,3606857.0,3607085.0,600.0,50.0,228.0
de63ce370b4cf31719cebb54,3607860.0,3611910.0,600.0,10.0,4050.0
331c3613cadec5dc49f86e7b,3608533.0,3619454.0,20.0,10.0,10921.0
fc4619f048eb2e8016b50cbd,3609360.0,3614790.0,1600.0,100.0,5430.0
3e4adb553c139a2fde8c25db,3613100.0,3618657.0,600.0,25.0,5557.0
7814e0e778337c994e573940,3620378.0,3680085.0,1600.0,100.0,59707.0
5eefd2bfbd0b7036da714290,3620940.0,3632920.0,600.0,0.0,11980.0
a557256b770655e07539fb08,3620942.0,3677588.0,600.0,0.0,56646.0
f15ba20f27e118446094ce09,3621976.0,3625831.0,600.0,100.0,3855.0
4d017ac8355e6411093ca9ce,3622223.0,3622236.0,100.0,0.0,13.0
76091a5cb8ab2424a0a6166a,3622751.0,3625006.0,50.0,25.0,2255.0
293b65dc565bedbb13736c7f,3623991.0,3627788.0,600.0,0.0,3797.0
a354e34c4e9ad0f272552155,3624063.0,3624086.0,600.0,100.0,23.0
b6dd749f92a19f427dea1bda,3630619.0,3636231.0,600.0,0.0,5612.0
1d03d28de544738cb9ea4e04,3633365.0,3642242.0,600.0,100.0,8877.0
97bcf91890c6b81e3e9a9464,3635305.0,3635779.0,600.0,0.0,474.0
7438f9a29d4c0405ec4e96b5,3635403.0,3635850.0,600.0,100.0,447.0
4aa3bd777a137715daf0fda6,3635815.0,3636220.0,600.0,0.0,405.0
ae1a956167bd07b428525cee,3638707.0,3639062.0,1000.0,50.0,355.0
c8977661b7ae2ca304787076,3638799.0,3638846.0,600.0,25.0,47.0
996e977ad078253cc4b0e51c,3641846.0,3642273.0,600.0,50.0,427.0
969e556a8089fc1595f9b8e0,3642138.0,3642199.0,400.0,100.0,61.0
2ca0c4dccf896bd2f2b1532e,3643039.0,3654741.0,600.0,20.0,11702.0
26163ef7a1649d2290ddefdc,3644909.0,3649446.0,600.0,0.0,4537.0
94c8c7b2b06a5814fa2c062b,3647108.0,3647266.0,600.0,25.0,158.0
c383dd4c990768eb2a2e4aea,3649101.0,3649194.0,600.0,0.0,93.0
52f878898cc21102db3df0f1,3650951.0,3655160.0,600.0,100.0,4209.0
53dcf070bf1fec2da226e987,3652334.0,3652377.0,600.0,0.0,43.0
b0fae6e553356b6042c5a88a,3652572.0,3655047.0,600.0,25.0,2475.0
e20d54e3edf349287201724c,3653298.0,3653318.0,600.0,100.0,20.0
13fbe71d59236a25d217184f,3653856.0,3654480.0,400.0,50.0,624.0
f480b97856a29a1269f59799,3658677.0,3658942.0,600.0,50.0,265.0
6bef753f6b16c274379f54ca,3663909.0,3672605.0,600.0,25.0,8696.0
1bf3ef5eca22ed2d4b88fe95,3665793.0,3685928.0,600.0,0.0,20135.0
a2b42490bb3b335d0c82dd76,3669806.0,3669870.0,600.0,25.0,64.0
65179b6bc3657763e2761bce,3671385.0,3673092.0,400.0,50.0,1707.0
5a1cdf5528da597815393288,3671562.0,3671613.0,600.0,100.0,51.0
5f91c2dbbb2a071ae04d7e7a,3681202.0,3681547.0,600.0,50.0,345.0
2c0f307914a2e4ed8f8d52f5,3684106.0,3699725.0,1800.0,100.0,15619.0
a94606da199bc36728ae4860,3685135.0,3685188.0,600.0,100.0,53.0
33afc09a55ad107a08ea47ed,3687038.0,3724025.0,600.0,25.0,36987.0
2f5a71f8d576f00297253e1c,3687966.0,3692861.0,1800.0,200.0,4895.0
a1dc1a20cba859a19d7335c6,3688646.0,3688826.0,600.0,50.0,180.0
d105b2275f8117fd9fcd7a49,3689966.0,3690155.0,600.0,100.0,189.0
15a6f8c216d224e084d9cd04,3696169.0,3696485.0,600.0,100.0,316.0
e02ff703610cad6f19e09af2,3697064.0,3701221.0,600.0,25.0,4157.0
7e49fdacd369b43f4f1f6a03,3702704.0,3703108.0,600.0,100.0,404.0
ac4d39c1c0cd86ca440adaaf,3708900.0,3709003.0,600.0,50.0,103.0
43058a38af1c6ff2b450dd9f,3708909.0,3709135.0,600.0,100.0,226.0
aaa8c5e2a122b9d67808228d,3710879.0,3710934.0,1600.0,100.0,55.0
c7daa8417394c04ddb518715,3711205.0,3711245.0,600.0,100.0,40.0
f2910ebb550bb39297d6804f,3713551.0,3713584.0,600.0,100.0,33.0
8cd96aba1681ae31ae289b8e,3721285.0,3721354.0,800.0,50.0,69.0
9263bb7312f1153113b76dad,3722219.0,3726906.0,300.0,25.0,4687.0
050ec9eb8ac59feedf73b022,3723536.0,3740407.0,3200.0,100.0,16871.0
ba42b560afbeeb2122c3b9ee,3723926.0,3724078.0,600.0,100.0,152.0
bcee57ed537dbd5fd620b669,3729797.0,3730010.0,600.0,0.0,213.0
225b89841545297cc077fe5c,3730147.0,3731231.0,600.0,0.0,1084.0
868318ed8a39aadc18ff2e85,3730734.0,3732910.0,1600.0,100.0,2176.0
04d822be13d6ab476022a943,3732639.0,3745674.0,600.0,50.0,13035.0
a48ca542a1de48470be8cc66,3734850.0,3734961.0,1600.0,100.0,111.0
49d0d0c3a45f36a7a6db493e,3736315.0,3736985.0,600.0,25.0,670.0
325fe17e67975df00ddfbe1b,3736952.0,3737693.0,600.0,100.0,741.0
881ef68f29389d11130f53f6,3740644.0,3754771.0,1800.0,100.0,14127.0
5b74e7ab697f9baf28e7530a,3745930.0,3746002.0,600.0,100.0,72.0
0237c74f032658dcc7050267,3746667.0,3748129.0,200.0,50.0,1462.0
e24b8696d17fa713314bfbd4,3747069.0,3747160.0,600.0,100.0,91.0
6b79eece52d8afc43caf7288,3747776.0,3747804.0,600.0,50.0,28.0
d2d6ffe0b0a54ae68bf58a06,3752724.0,3753407.0,600.0,100.0,683.0
d3d25155260a9c4da18d7681,3754101.0,3754138.0,600.0,25.0,37.0
ad9d232b2261087b87f84c34,3754228.0,3754916.0,600.0,100.0,688.0
4449b11cb1986006a63f78c5,3754635.0,3754892.0,600.0,100.0,257.0
edaa851bd879797842611db9,3755938.0,3756212.0,600.0,0.0,274.0
9eb83cf196d285dfdc7dc872,3756137.0,3758585.0,1600.0,100.0,2448.0
3b162ba2d9209dae89acb737,3756756.0,3757161.0,600.0,0.0,405.0
a556126363622281e9a58058,3756795.0,3757022.0,600.0,100.0,227.0
